step,epoch,loss,lr
1,1,0.77202791,3e-08
2,1,0.72450358,6e-08
3,1,0.76793307,6e-08
4,1,0.77789700,9e-08
5,1,0.73160225,9e-08
6,1,0.80366307,1.2e-07
7,1,0.74514532,1.2e-07
8,1,0.81764871,1.5e-07
9,1,0.74843431,1.5e-07
10,1,0.72329789,1.8e-07
11,1,0.75262678,1.8e-07
12,1,0.80690461,2.1e-07
13,1,0.74675065,2.1e-07
14,1,0.80118269,2.4e-07
15,1,0.82936037,2.4e-07
16,1,0.75557709,2.7e-07
17,1,0.80890232,2.7e-07
18,1,0.75794983,3e-07
19,1,0.74606866,3e-07
20,1,0.73162758,3.3e-07
21,1,0.73785585,3.3e-07
22,1,0.75794899,3.6e-07
23,1,0.72617233,3.6e-07
24,1,0.73230374,3.9e-07
25,1,0.74241555,3.9e-07
26,1,0.78933460,4.2e-07
27,1,0.75352269,4.2e-07
28,1,0.77113825,4.5e-07
29,1,0.70769566,4.5e-07
30,1,0.75851822,4.8e-07
31,1,0.75636226,4.8e-07
32,1,0.76710975,5.1e-07
33,1,0.79245973,5.1e-07
34,1,0.70661664,5.4e-07
35,1,0.76130605,5.4e-07
36,1,0.70845819,5.7e-07
37,1,0.76907218,5.7e-07
38,1,0.74644089,6e-07
39,1,0.69828445,6e-07
40,1,0.74239808,6.3e-07
41,1,0.73589069,6.3e-07
42,1,0.72596920,6.6e-07
43,1,0.73415387,6.6e-07
44,1,0.76522040,6.9e-07
45,1,0.73990464,6.9e-07
46,1,0.71203309,7.2e-07
47,1,0.77326626,7.2e-07
48,1,0.72519284,7.5e-07
49,1,0.74754292,7.5e-07
50,1,0.70895988,7.8e-07
51,1,0.74454629,7.8e-07
52,1,0.71687996,8.1e-07
53,1,0.72419488,8.1e-07
54,1,0.72751725,8.4e-07
55,1,0.75208974,8.4e-07
56,1,0.68703926,8.7e-07
57,1,0.72703391,8.7e-07
58,1,0.72495228,9e-07
59,1,0.78667980,9e-07
60,1,0.69966567,9.3e-07
61,1,0.74273896,9.3e-07
62,1,0.72261411,9.6e-07
63,1,0.70612854,9.6e-07
64,1,0.67291057,9.9e-07
65,1,0.68859321,9.9e-07
66,1,0.70786840,1.02e-06
67,1,0.70812935,1.02e-06
68,1,0.67067045,1.05e-06
69,1,0.71534395,1.05e-06
70,1,0.68187535,1.08e-06
71,1,0.70879537,1.08e-06
72,1,0.61103153,1.11e-06
73,1,0.72391844,1.11e-06
74,1,0.66975808,1.14e-06
75,1,0.66522151,1.14e-06
76,1,0.68095195,1.17e-06
77,1,0.66457099,1.17e-06
78,1,0.68723458,1.2e-06
79,1,0.67478019,1.2e-06
80,1,0.65811694,1.23e-06
81,1,0.67763627,1.23e-06
82,1,0.70652777,1.26e-06
83,1,0.70258015,1.26e-06
84,1,0.63899201,1.29e-06
85,1,0.69418800,1.29e-06
86,1,0.62984467,1.32e-06
87,1,0.67286509,1.32e-06
88,1,0.69633371,1.35e-06
89,1,0.69244260,1.35e-06
90,1,0.67391908,1.38e-06
91,1,0.68516850,1.38e-06
92,1,0.63582391,1.41e-06
93,1,0.58172059,1.41e-06
94,1,0.64770538,1.44e-06
95,1,0.65497029,1.44e-06
96,1,0.63881695,1.47e-06
97,1,0.66107297,1.47e-06
98,1,0.64594656,1.5e-06
99,1,0.68869656,1.5e-06
100,1,0.63420844,1.53e-06
101,1,0.66506237,1.53e-06
102,1,0.62861043,1.56e-06
103,1,0.63286334,1.56e-06
104,1,0.61878520,1.59e-06
105,1,0.64926922,1.59e-06
106,1,0.60474217,1.62e-06
107,1,0.66975242,1.62e-06
108,1,0.70332575,1.65e-06
109,1,0.64348835,1.65e-06
110,1,0.70415628,1.68e-06
111,1,0.64183438,1.68e-06
112,1,0.68987179,1.71e-06
113,1,0.63271403,1.71e-06
114,1,0.64394408,1.74e-06
115,1,0.64011860,1.74e-06
116,1,0.61595029,1.77e-06
117,1,0.67317820,1.77e-06
118,1,0.66905266,1.8e-06
119,1,0.58913410,1.8e-06
120,1,0.61918318,1.83e-06
121,1,0.66288620,1.83e-06
122,1,0.64467418,1.86e-06
123,1,0.63522911,1.86e-06
124,1,0.61359316,1.89e-06
125,1,0.62404233,1.89e-06
126,1,0.66004765,1.92e-06
127,1,0.58608419,1.92e-06
128,1,0.60129613,1.95e-06
129,1,0.63671672,1.95e-06
130,1,0.64195091,1.98e-06
131,1,0.67750549,1.98e-06
132,1,0.60586780,2.01e-06
133,1,0.60167825,2.01e-06
134,1,0.66575748,2.04e-06
135,1,0.61323929,2.04e-06
136,1,0.57165080,2.07e-06
137,1,0.60287982,2.07e-06
138,1,0.62972081,2.1e-06
139,1,0.61740053,2.1e-06
140,1,0.63934135,2.13e-06
141,1,0.61082917,2.13e-06
142,1,0.60256469,2.16e-06
143,1,0.62560213,2.16e-06
144,1,0.56706864,2.19e-06
145,1,0.63295823,2.19e-06
146,1,0.57718581,2.22e-06
147,1,0.62387943,2.22e-06
148,1,0.58396804,2.25e-06
149,1,0.65936077,2.25e-06
150,1,0.61955500,2.28e-06
151,1,0.59734100,2.28e-06
152,1,0.59828264,2.31e-06
153,1,0.61102962,2.31e-06
154,1,0.58202744,2.34e-06
155,1,0.62062591,2.34e-06
156,1,0.57563245,2.37e-06
157,1,0.55806750,2.37e-06
158,1,0.58196068,2.4e-06
159,1,0.59260148,2.4e-06
160,1,0.60561317,2.43e-06
161,1,0.61302447,2.43e-06
162,1,0.63548809,2.46e-06
163,1,0.60645562,2.46e-06
164,1,0.60301042,2.49e-06
165,1,0.58983606,2.49e-06
166,1,0.60162669,2.52e-06
167,1,0.58979934,2.52e-06
168,1,0.61764646,2.55e-06
169,1,0.62034345,2.55e-06
170,1,0.58324909,2.58e-06
171,1,0.55689907,2.58e-06
172,1,0.55852205,2.61e-06
173,1,0.52986604,2.61e-06
174,1,0.61890674,2.64e-06
175,1,0.60181534,2.64e-06
176,1,0.55138761,2.67e-06
177,1,0.59698004,2.67e-06
178,1,0.56012899,2.7e-06
179,1,0.58633655,2.7e-06
180,1,0.60048133,2.73e-06
181,1,0.54022366,2.73e-06
182,1,0.54372722,2.76e-06
183,1,0.61897832,2.76e-06
184,1,0.58561617,2.79e-06
185,1,0.63215619,2.79e-06
186,1,0.58925062,2.82e-06
187,1,0.57703215,2.82e-06
188,1,0.53527290,2.85e-06
189,1,0.55740768,2.85e-06
190,1,0.59758979,2.88e-06
191,1,0.61160821,2.88e-06
192,1,0.60347092,2.91e-06
193,1,0.54934967,2.91e-06
194,1,0.56423134,2.94e-06
195,1,0.49355978,2.94e-06
196,1,0.54922229,2.97e-06
197,1,0.53896832,2.97e-06
198,1,0.50903183,3e-06
199,1,0.57566297,3e-06
200,1,0.62317544,3.03e-06
201,1,0.56188405,3.03e-06
202,1,0.56162900,3.06e-06
203,1,0.54689515,3.06e-06
204,1,0.53787005,3.09e-06
205,1,0.54459596,3.09e-06
206,1,0.56181037,3.12e-06
207,1,0.55351841,3.12e-06
208,1,0.48686641,3.15e-06
209,1,0.56276041,3.15e-06
210,1,0.52937394,3.18e-06
211,1,0.50279647,3.18e-06
212,1,0.55450314,3.21e-06
213,1,0.54717690,3.21e-06
214,1,0.51374489,3.24e-06
215,1,0.55941296,3.24e-06
216,1,0.47882462,3.27e-06
217,1,0.52314013,3.27e-06
218,1,0.49433953,3.3e-06
219,1,0.51795459,3.3e-06
220,1,0.52713013,3.33e-06
221,1,0.55413806,3.33e-06
222,1,0.53031713,3.36e-06
223,1,0.55192930,3.36e-06
224,1,0.49874443,3.39e-06
225,1,0.52665412,3.39e-06
226,1,0.51348370,3.42e-06
227,1,0.51617885,3.42e-06
228,1,0.55709159,3.45e-06
229,1,0.52023751,3.45e-06
230,1,0.48673582,3.48e-06
231,1,0.56027889,3.48e-06
232,1,0.56055146,3.51e-06
233,1,0.53231400,3.51e-06
234,1,0.53691524,3.54e-06
235,1,0.48366144,3.54e-06
236,1,0.52583522,3.57e-06
237,1,0.51050580,3.57e-06
238,1,0.50488633,3.6e-06
239,1,0.53022438,3.6e-06
240,1,0.50498849,3.63e-06
241,1,0.48812294,3.63e-06
242,1,0.48966965,3.66e-06
243,1,0.51578462,3.66e-06
244,1,0.47614363,3.69e-06
245,1,0.54478866,3.69e-06
246,1,0.51650143,3.72e-06
247,1,0.52398431,3.72e-06
248,1,0.51074183,3.75e-06
249,1,0.53072578,3.75e-06
250,1,0.50278300,3.78e-06
251,1,0.51854390,3.78e-06
252,1,0.53378081,3.81e-06
253,1,0.49509567,3.81e-06
254,1,0.49045882,3.84e-06
255,1,0.47104412,3.84e-06
256,1,0.51554471,3.87e-06
257,1,0.48050192,3.87e-06
258,1,0.47254425,3.9e-06
259,1,0.55418408,3.9e-06
260,1,0.51273942,3.93e-06
261,1,0.49530655,3.93e-06
262,1,0.48605973,3.96e-06
263,1,0.53197700,3.96e-06
264,1,0.42840225,3.99e-06
265,1,0.42712793,3.99e-06
266,1,0.48114586,4.02e-06
267,1,0.44554383,4.02e-06
268,1,0.47030306,4.05e-06
269,1,0.51030999,4.05e-06
270,1,0.50543988,4.08e-06
271,1,0.47362939,4.08e-06
272,1,0.48413986,4.11e-06
273,1,0.51407433,4.11e-06
274,1,0.48457587,4.14e-06
275,1,0.46286222,4.14e-06
276,1,0.48950917,4.17e-06
277,1,0.47402492,4.17e-06
278,1,0.47979143,4.2e-06
279,1,0.46455988,4.2e-06
280,1,0.44305131,4.23e-06
281,1,0.48021093,4.23e-06
282,1,0.49016878,4.26e-06
283,1,0.45107493,4.26e-06
284,1,0.44817108,4.29e-06
285,1,0.50304627,4.29e-06
286,1,0.48436970,4.32e-06
287,1,0.48861578,4.32e-06
288,1,0.47839749,4.35e-06
289,1,0.51566768,4.35e-06
290,1,0.46072856,4.38e-06
291,1,0.42180434,4.38e-06
292,1,0.47611094,4.41e-06
293,1,0.52036828,4.41e-06
294,1,0.44266263,4.44e-06
295,1,0.45976585,4.44e-06
296,1,0.47235319,4.47e-06
297,1,0.46678987,4.47e-06
298,1,0.46601644,4.5e-06
299,1,0.49057266,4.5e-06
300,1,0.44066995,4.53e-06
301,1,0.49085522,4.53e-06
302,1,0.44041634,4.56e-06
303,1,0.46750394,4.56e-06
304,1,0.48634401,4.59e-06
305,1,0.47691134,4.59e-06
306,1,0.42712885,4.62e-06
307,1,0.43420663,4.62e-06
308,1,0.46952692,4.65e-06
309,1,0.45122045,4.65e-06
310,1,0.49734020,4.68e-06
311,1,0.42332512,4.68e-06
312,1,0.45154864,4.71e-06
313,1,0.41299069,4.71e-06
314,1,0.40662920,4.74e-06
315,1,0.44558313,4.74e-06
316,1,0.42473352,4.77e-06
317,1,0.41469866,4.77e-06
318,1,0.39348644,4.8e-06
319,1,0.41425255,4.8e-06
320,1,0.40074307,4.83e-06
321,1,0.46726492,4.83e-06
322,1,0.41023919,4.86e-06
323,1,0.45438597,4.86e-06
324,1,0.44365099,4.89e-06
325,1,0.47008643,4.89e-06
326,1,0.42964739,4.92e-06
327,1,0.47884455,4.92e-06
328,1,0.45903486,4.95e-06
329,1,0.39417478,4.95e-06
330,1,0.38576737,4.98e-06
331,1,0.44748175,4.98e-06
332,1,0.43796763,5.01e-06
333,1,0.47631413,5.01e-06
334,1,0.40385810,5.04e-06
335,1,0.39738363,5.04e-06
336,1,0.45975462,5.07e-06
337,1,0.42572513,5.07e-06
338,1,0.42441335,5.1e-06
339,1,0.44732392,5.1e-06
340,1,0.42245385,5.13e-06
341,1,0.46131241,5.13e-06
342,1,0.38407034,5.16e-06
343,1,0.39917555,5.16e-06
344,1,0.41003507,5.19e-06
345,1,0.39325899,5.19e-06
346,1,0.37353352,5.22e-06
347,1,0.38480303,5.22e-06
348,1,0.41015747,5.25e-06
349,1,0.43099499,5.25e-06
350,1,0.41394657,5.28e-06
351,1,0.43785912,5.28e-06
352,1,0.42936182,5.31e-06
353,1,0.39775854,5.31e-06
354,1,0.41568005,5.34e-06
355,1,0.44934189,5.34e-06
356,1,0.40846503,5.37e-06
357,1,0.41679496,5.37e-06
358,1,0.41071770,5.4e-06
359,1,0.40118366,5.4e-06
360,1,0.43021283,5.43e-06
361,1,0.39425713,5.43e-06
362,1,0.42141628,5.46e-06
363,1,0.39283419,5.46e-06
364,1,0.40182146,5.49e-06
365,1,0.39912534,5.49e-06
366,1,0.40638784,5.52e-06
